run_id,timestamp,model,variant,framework,seed,budget,config_hash,git_commit,success_test_id,success_test_ood_pattern,success_test_ood_diff,success_train,bricks_cleared_median,steps_to_clear,death_rate,reward_no_shaping,collapsed,status,config_path,metrics_path,heatmap_path,curve_path
dqn__base__b700000__s4,2026-06-04T18:39:25,dqn,base,torch2.12.0+np2.4.4+py3.13·mps,4,700000,3c243c3dd298,24124d2*,0.1713,0.0907,0.0285,0.1464,10.0,1145.0,0.8287,29.9117,False,done,results/runs/dqn__base__b700000__s4.config.json,results/runs/dqn_base_b700000_seed4_test_id.json,results/heatmaps/dqn_base_b700000_seed4_test_id.png,results/curves/dqn__base__b700000__s4.csv
dqn__base__b700000__s2,2026-06-04T18:39:58,dqn,base,torch2.12.0+np2.4.4+py3.13·mps,2,700000,3c243c3dd298,24124d2*,0.926,0.9187,0.8191,0.9179,32.0,2096.7,0.072,58.565,False,done,results/runs/dqn__base__b700000__s2.config.json,results/runs/dqn_base_b700000_seed2_test_id.json,results/heatmaps/dqn_base_b700000_seed2_test_id.png,results/curves/dqn__base__b700000__s2.csv
dqn__base__b700000__s0,2026-06-04T18:40:01,dqn,base,torch2.12.0+np2.4.4+py3.13·mps,0,700000,3c243c3dd298,24124d2*,0.6247,0.6627,0.2747,0.5232,19.0,1963.3,0.3727,47.4893,False,done,results/runs/dqn__base__b700000__s0.config.json,results/runs/dqn_base_b700000_seed0_test_id.json,results/heatmaps/dqn_base_b700000_seed0_test_id.png,results/curves/dqn__base__b700000__s0.csv
dqn__base__b700000__s1,2026-06-04T18:40:23,dqn,base,torch2.12.0+np2.4.4+py3.13·mps,1,700000,3c243c3dd298,24124d2*,0.78,0.7773,0.4858,0.7321,24.0,2261.7,0.2067,50.8467,False,done,results/runs/dqn__base__b700000__s1.config.json,results/runs/dqn_base_b700000_seed1_test_id.json,results/heatmaps/dqn_base_b700000_seed1_test_id.png,results/curves/dqn__base__b700000__s1.csv
dqn__base__b700000__s3,2026-06-04T18:40:37,dqn,base,torch2.12.0+np2.4.4+py3.13·mps,3,700000,3c243c3dd298,24124d2*,0.8367,0.8387,0.6198,0.7875,32.0,2785.1,0.0207,58.6437,False,done,results/runs/dqn__base__b700000__s3.config.json,results/runs/dqn_base_b700000_seed3_test_id.json,results/heatmaps/dqn_base_b700000_seed3_test_id.png,results/curves/dqn__base__b700000__s3.csv
sac__base__b700000__s1,2026-06-04T18:48:29,sac,base,torch2.12.0+np2.4.4+py3.13·mps,1,700000,23932bae4506,24124d2*,0.0067,0.0,0.0,0.0089,1.0,73.7,0.9933,3.514,True,done,results/runs/sac__base__b700000__s1.config.json,results/runs/sac_base_b700000_seed1_test_id.json,results/heatmaps/sac_base_b700000_seed1_test_id.png,results/curves/sac__base__b700000__s1.csv
sac__base__b700000__s3,2026-06-04T18:48:48,sac,base,torch2.12.0+np2.4.4+py3.13·mps,3,700000,23932bae4506,24124d2*,0.0073,0.0,0.0,0.0,1.0,108.8,0.9927,4.4733,True,done,results/runs/sac__base__b700000__s3.config.json,results/runs/sac_base_b700000_seed3_test_id.json,results/heatmaps/sac_base_b700000_seed3_test_id.png,results/curves/sac__base__b700000__s3.csv
sac__base__b700000__s4,2026-06-04T18:49:15,sac,base,torch2.12.0+np2.4.4+py3.13·mps,4,700000,23932bae4506,24124d2*,0.0107,0.0027,0.0,0.0107,1.0,166.2,0.9893,4.645,True,done,results/runs/sac__base__b700000__s4.config.json,results/runs/sac_base_b700000_seed4_test_id.json,results/heatmaps/sac_base_b700000_seed4_test_id.png,results/curves/sac__base__b700000__s4.csv
sac__base__b700000__s2,2026-06-04T18:50:29,sac,base,torch2.12.0+np2.4.4+py3.13·mps,2,700000,23932bae4506,24124d2*,0.0267,0.0133,0.0,0.0143,3.0,583.9,0.9733,11.2723,True,done,results/runs/sac__base__b700000__s2.config.json,results/runs/sac_base_b700000_seed2_test_id.json,results/heatmaps/sac_base_b700000_seed2_test_id.png,results/curves/sac__base__b700000__s2.csv
worldModel__base__b700000__s1,2026-06-04T18:54:15,worldModel,base,torch2.12.0+np2.4.4+py3.13·mps,1,700000,9083ba735539,24124d2*,0.2727,0.2053,0.0084,0.2179,4.0,1164.9,0.7273,14.3313,False,done,results/runs/worldModel__base__b700000__s1.config.json,results/runs/worldModel_base_b700000_seed1_test_id.json,results/heatmaps/worldModel_base_b700000_seed1_test_id.png,results/curves/worldModel__base__b700000__s1.csv
worldModelRecurrente__base__b700000__s4,2026-06-04T18:55:05,worldModelRecurrente,base,torch2.12.0+np2.4.4+py3.13·mps,4,700000,c99f9ffe2ef7,24124d2*,0.2827,0.2387,0.0536,0.2482,6.0,1266.7,0.7173,23.0973,False,done,results/runs/worldModelRecurrente__base__b700000__s4.config.json,results/runs/worldModelRecurrente_base_b700000_seed4_test_id.json,results/heatmaps/worldModelRecurrente_base_b700000_seed4_test_id.png,results/curves/worldModelRecurrente__base__b700000__s4.csv
worldModel__base__b700000__s3,2026-06-04T18:55:52,worldModel,base,torch2.12.0+np2.4.4+py3.13·mps,3,700000,9083ba735539,24124d2*,0.2073,0.204,0.0285,0.1768,5.0,1158.4,0.7927,18.8363,False,done,results/runs/worldModel__base__b700000__s3.config.json,results/runs/worldModel_base_b700000_seed3_test_id.json,results/heatmaps/worldModel_base_b700000_seed3_test_id.png,results/curves/worldModel__base__b700000__s3.csv
worldModel__base__b700000__s2,2026-06-04T18:55:55,worldModel,base,torch2.12.0+np2.4.4+py3.13·mps,2,700000,9083ba735539,24124d2*,0.2687,0.212,0.062,0.2464,13.0,1160.3,0.7307,34.3167,False,done,results/runs/worldModel__base__b700000__s2.config.json,results/runs/worldModel_base_b700000_seed2_test_id.json,results/heatmaps/worldModel_base_b700000_seed2_test_id.png,results/curves/worldModel__base__b700000__s2.csv
worldModel__base__b700000__s0,2026-06-04T18:56:22,worldModel,base,torch2.12.0+np2.4.4+py3.13·mps,0,700000,9083ba735539,24124d2*,0.2533,0.1813,0.0603,0.2393,7.0,1405.3,0.7467,22.396,False,done,results/runs/worldModel__base__b700000__s0.config.json,results/runs/worldModel_base_b700000_seed0_test_id.json,results/heatmaps/worldModel_base_b700000_seed0_test_id.png,results/curves/worldModel__base__b700000__s0.csv
sac__base__b700000__s0,2026-06-04T18:56:34,sac,base,torch2.12.0+np2.4.4+py3.13·mps,0,700000,23932bae4506,24124d2*,0.162,0.1707,0.1575,0.1696,9.0,1793.1,0.8333,31.5987,False,done,results/runs/sac__base__b700000__s0.config.json,results/runs/sac_base_b700000_seed0_test_id.json,results/heatmaps/sac_base_b700000_seed0_test_id.png,results/curves/sac__base__b700000__s0.csv
dqn__base__b1500000__s0,2026-06-04T18:57:25,dqn,base,torch2.12.0+np2.4.4+py3.13·mps,0,1500000,87db7e354ae3,24124d2*,0.8493,0.8093,0.7253,0.8429,30.0,2009.0,0.148,52.451,False,done,results/runs/dqn__base__b1500000__s0.config.json,results/runs/dqn_base_b1500000_seed0_test_id.json,results/heatmaps/dqn_base_b1500000_seed0_test_id.png,results/curves/dqn__base__b1500000__s0.csv
dqn__base__b1500000__s2,2026-06-04T18:57:43,dqn,base,torch2.12.0+np2.4.4+py3.13·mps,2,1500000,87db7e354ae3,24124d2*,0.852,0.8427,0.7219,0.8321,32.0,2180.9,0.1433,55.051,False,done,results/runs/dqn__base__b1500000__s2.config.json,results/runs/dqn_base_b1500000_seed2_test_id.json,results/heatmaps/dqn_base_b1500000_seed2_test_id.png,results/curves/dqn__base__b1500000__s2.csv
worldModelRecurrente__base__b700000__s1,2026-06-04T18:57:48,worldModelRecurrente,base,torch2.12.0+np2.4.4+py3.13·mps,1,700000,c99f9ffe2ef7,24124d2*,0.5987,0.5187,0.4322,0.6161,29.0,1825.8,0.4007,55.7263,False,done,results/runs/worldModelRecurrente__base__b700000__s1.config.json,results/runs/worldModelRecurrente_base_b700000_seed1_test_id.json,results/heatmaps/worldModelRecurrente_base_b700000_seed1_test_id.png,results/curves/worldModelRecurrente__base__b700000__s1.csv
worldModelRecurrente__base__b700000__s2,2026-06-04T18:58:10,worldModelRecurrente,base,torch2.12.0+np2.4.4+py3.13·mps,2,700000,c99f9ffe2ef7,24124d2*,0.306,0.2693,0.0754,0.2554,15.0,1723.7,0.6933,39.0663,False,done,results/runs/worldModelRecurrente__base__b700000__s2.config.json,results/runs/worldModelRecurrente_base_b700000_seed2_test_id.json,results/heatmaps/worldModelRecurrente_base_b700000_seed2_test_id.png,results/curves/worldModelRecurrente__base__b700000__s2.csv
worldModel__base__b700000__s4,2026-06-04T18:59:08,worldModel,base,torch2.12.0+np2.4.4+py3.13·mps,4,700000,9083ba735539,24124d2*,0.624,0.596,0.3116,0.5607,16.0,1867.0,0.374,39.754,False,done,results/runs/worldModel__base__b700000__s4.config.json,results/runs/worldModel_base_b700000_seed4_test_id.json,results/heatmaps/worldModel_base_b700000_seed4_test_id.png,results/curves/worldModel__base__b700000__s4.csv
dqn__base__b1500000__s1,2026-06-04T18:59:53,dqn,base,torch2.12.0+np2.4.4+py3.13·mps,1,1500000,87db7e354ae3,24124d2*,0.8567,0.812,0.7454,0.8089,30.0,2427.3,0.1307,59.6497,False,done,results/runs/dqn__base__b1500000__s1.config.json,results/runs/dqn_base_b1500000_seed1_test_id.json,results/heatmaps/dqn_base_b1500000_seed1_test_id.png,results/curves/dqn__base__b1500000__s1.csv
dqn__base__b1500000__s4,2026-06-04T19:00:13,dqn,base,torch2.12.0+np2.4.4+py3.13·mps,4,1500000,87db7e354ae3,24124d2*,0.44,0.4173,0.2764,0.3804,10.0,1618.6,0.5593,34.0873,False,done,results/runs/dqn__base__b1500000__s4.config.json,results/runs/dqn_base_b1500000_seed4_test_id.json,results/heatmaps/dqn_base_b1500000_seed4_test_id.png,results/curves/dqn__base__b1500000__s4.csv
worldModelRecurrente__base__b700000__s0,2026-06-04T19:00:56,worldModelRecurrente,base,torch2.12.0+np2.4.4+py3.13·mps,0,700000,c99f9ffe2ef7,24124d2*,0.7307,0.7587,0.4925,0.6875,29.0,2467.4,0.2467,53.263,False,done,results/runs/worldModelRecurrente__base__b700000__s0.config.json,results/runs/worldModelRecurrente_base_b700000_seed0_test_id.json,results/heatmaps/worldModelRecurrente_base_b700000_seed0_test_id.png,results/curves/worldModelRecurrente__base__b700000__s0.csv
ppo__base__b700000__s4,2026-06-04T19:01:18,ppo,base,torch2.12.0+np2.4.4+py3.13·mps,4,700000,a4a7807f415a,24124d2*,0.9233,0.9067,0.8409,0.9161,32.0,2142.8,0.07,58.635,False,done,results/runs/ppo__base__b700000__s4.config.json,results/runs/ppo_base_b700000_seed4_test_id.json,results/heatmaps/ppo_base_b700000_seed4_test_id.png,results/curves/ppo__base__b700000__s4.csv
sac__base__b1500000__s1,2026-06-04T19:02:37,sac,base,torch2.12.0+np2.4.4+py3.13·mps,1,1500000,61cc6a8abd08,24124d2*,0.012,0.0013,0.0,0.0125,2.0,178.9,0.988,6.0363,True,done,results/runs/sac__base__b1500000__s1.config.json,results/runs/sac_base_b1500000_seed1_test_id.json,results/heatmaps/sac_base_b1500000_seed1_test_id.png,results/curves/sac__base__b1500000__s1.csv
dqn__base__b1500000__s3,2026-06-04T19:02:37,dqn,base,torch2.12.0+np2.4.4+py3.13·mps,3,1500000,87db7e354ae3,24124d2*,0.8687,0.8,0.7203,0.8411,32.0,2386.8,0.0853,56.518,False,done,results/runs/dqn__base__b1500000__s3.config.json,results/runs/dqn_base_b1500000_seed3_test_id.json,results/heatmaps/dqn_base_b1500000_seed3_test_id.png,results/curves/dqn__base__b1500000__s3.csv
worldModelRecurrente__base__b700000__s3,2026-06-04T19:03:23,worldModelRecurrente,base,torch2.12.0+np2.4.4+py3.13·mps,3,700000,c99f9ffe2ef7,24124d2*,0.804,0.8013,0.3501,0.7875,24.0,2170.1,0.1567,51.7183,False,done,results/runs/worldModelRecurrente__base__b700000__s3.config.json,results/runs/worldModelRecurrente_base_b700000_seed3_test_id.json,results/heatmaps/worldModelRecurrente_base_b700000_seed3_test_id.png,results/curves/worldModelRecurrente__base__b700000__s3.csv
ppo__base__b700000__s3,2026-06-04T19:03:37,ppo,base,torch2.12.0+np2.4.4+py3.13·mps,3,700000,a4a7807f415a,24124d2*,0.9813,0.9947,0.9715,0.9821,32.0,2272.0,0.0113,58.41,False,done,results/runs/ppo__base__b700000__s3.config.json,results/runs/ppo_base_b700000_seed3_test_id.json,results/heatmaps/ppo_base_b700000_seed3_test_id.png,results/curves/ppo__base__b700000__s3.csv
ppo__base__b700000__s1,2026-06-04T19:04:17,ppo,base,torch2.12.0+np2.4.4+py3.13·mps,1,700000,a4a7807f415a,24124d2*,0.788,0.736,0.6616,0.7893,32.0,2513.3,0.1107,55.3,False,done,results/runs/ppo__base__b700000__s1.config.json,results/runs/ppo_base_b700000_seed1_test_id.json,results/heatmaps/ppo_base_b700000_seed1_test_id.png,results/curves/ppo__base__b700000__s1.csv
ppo__base__b700000__s0,2026-06-04T19:04:52,ppo,base,torch2.12.0+np2.4.4+py3.13·mps,0,700000,a4a7807f415a,24124d2*,0.874,0.884,0.804,0.8696,32.0,2404.1,0.084,59.552,False,done,results/runs/ppo__base__b700000__s0.config.json,results/runs/ppo_base_b700000_seed0_test_id.json,results/heatmaps/ppo_base_b700000_seed0_test_id.png,results/curves/ppo__base__b700000__s0.csv
ppo__base__b700000__s2,2026-06-04T19:05:03,ppo,base,torch2.12.0+np2.4.4+py3.13·mps,2,700000,a4a7807f415a,24124d2*,0.9487,0.9293,0.8844,0.9375,32.0,2336.0,0.0187,55.4987,False,done,results/runs/ppo__base__b700000__s2.config.json,results/runs/ppo_base_b700000_seed2_test_id.json,results/heatmaps/ppo_base_b700000_seed2_test_id.png,results/curves/ppo__base__b700000__s2.csv
ppo__base__b1500000__s0,2026-06-04T19:11:34,ppo,base,torch2.12.0+np2.4.4+py3.13·mps,0,1500000,d149e4f8a490,24124d2*,0.8033,0.7653,0.6516,0.7571,32.0,1769.1,0.1953,51.8113,False,done,results/runs/ppo__base__b1500000__s0.config.json,results/runs/ppo_base_b1500000_seed0_test_id.json,results/heatmaps/ppo_base_b1500000_seed0_test_id.png,results/curves/ppo__base__b1500000__s0.csv
sac__base__b1500000__s3,2026-06-04T19:12:09,sac,base,torch2.12.0+np2.4.4+py3.13·mps,3,1500000,61cc6a8abd08,24124d2*,0.5673,0.5507,0.2747,0.5429,22.0,1931.3,0.43,44.0913,False,done,results/runs/sac__base__b1500000__s3.config.json,results/runs/sac_base_b1500000_seed3_test_id.json,results/heatmaps/sac_base_b1500000_seed3_test_id.png,results/curves/sac__base__b1500000__s3.csv
ppo__base__b1500000__s1,2026-06-04T19:13:13,ppo,base,torch2.12.0+np2.4.4+py3.13·mps,1,1500000,d149e4f8a490,24124d2*,0.8807,0.8573,0.871,0.8929,32.0,1934.8,0.1193,53.437,False,done,results/runs/ppo__base__b1500000__s1.config.json,results/runs/ppo_base_b1500000_seed1_test_id.json,results/heatmaps/ppo_base_b1500000_seed1_test_id.png,results/curves/ppo__base__b1500000__s1.csv
sac__base__b1500000__s2,2026-06-04T19:13:35,sac,base,torch2.12.0+np2.4.4+py3.13·mps,2,1500000,61cc6a8abd08,24124d2*,0.6107,0.5667,0.4707,0.5964,16.0,2052.7,0.3813,41.013,False,done,results/runs/sac__base__b1500000__s2.config.json,results/runs/sac_base_b1500000_seed2_test_id.json,results/heatmaps/sac_base_b1500000_seed2_test_id.png,results/curves/sac__base__b1500000__s2.csv
sac__base__b1500000__s4,2026-06-04T19:14:06,sac,base,torch2.12.0+np2.4.4+py3.13·mps,4,1500000,61cc6a8abd08,24124d2*,0.9133,0.9307,0.9229,0.9375,32.0,1986.2,0.0807,58.6483,False,done,results/runs/sac__base__b1500000__s4.config.json,results/runs/sac_base_b1500000_seed4_test_id.json,results/heatmaps/sac_base_b1500000_seed4_test_id.png,results/curves/sac__base__b1500000__s4.csv
sac__base__b1500000__s0,2026-06-04T19:14:37,sac,base,torch2.12.0+np2.4.4+py3.13·mps,0,1500000,61cc6a8abd08,24124d2*,0.9673,0.9507,0.8844,0.9518,32.0,2432.9,0.0187,67.1957,False,done,results/runs/sac__base__b1500000__s0.config.json,results/runs/sac_base_b1500000_seed0_test_id.json,results/heatmaps/sac_base_b1500000_seed0_test_id.png,results/curves/sac__base__b1500000__s0.csv
worldModel__base__b1500000__s2,2026-06-04T19:16:09,worldModel,base,torch2.12.0+np2.4.4+py3.13·mps,2,1500000,85d66e5b6dfb,24124d2*,0.28,0.2613,0.0804,0.2286,8.0,1252.0,0.72,30.1993,False,done,results/runs/worldModel__base__b1500000__s2.config.json,results/runs/worldModel_base_b1500000_seed2_test_id.json,results/heatmaps/worldModel_base_b1500000_seed2_test_id.png,results/curves/worldModel__base__b1500000__s2.csv
worldModel__base__b1500000__s1,2026-06-04T19:16:19,worldModel,base,torch2.12.0+np2.4.4+py3.13·mps,1,1500000,85d66e5b6dfb,24124d2*,0.65,0.6813,0.5846,0.6411,28.0,1866.7,0.3493,52.2627,False,done,results/runs/worldModel__base__b1500000__s1.config.json,results/runs/worldModel_base_b1500000_seed1_test_id.json,results/heatmaps/worldModel_base_b1500000_seed1_test_id.png,results/curves/worldModel__base__b1500000__s1.csv
worldModel__base__b1500000__s0,2026-06-04T19:16:41,worldModel,base,torch2.12.0+np2.4.4+py3.13·mps,0,1500000,85d66e5b6dfb,24124d2*,0.3847,0.336,0.3149,0.3464,30.0,1700.2,0.6153,49.928,False,done,results/runs/worldModel__base__b1500000__s0.config.json,results/runs/worldModel_base_b1500000_seed0_test_id.json,results/heatmaps/worldModel_base_b1500000_seed0_test_id.png,results/curves/worldModel__base__b1500000__s0.csv
ppo__base__b1500000__s2,2026-06-04T19:16:55,ppo,base,torch2.12.0+np2.4.4+py3.13·mps,2,1500000,d149e4f8a490,24124d2*,0.9587,0.9667,0.9095,0.9714,32.0,2215.0,0.0,53.7763,False,done,results/runs/ppo__base__b1500000__s2.config.json,results/runs/ppo_base_b1500000_seed2_test_id.json,results/heatmaps/ppo_base_b1500000_seed2_test_id.png,results/curves/ppo__base__b1500000__s2.csv
worldModelRecurrente__base__b1500000__s0,2026-06-04T19:17:24,worldModelRecurrente,base,torch2.12.0+np2.4.4+py3.13·mps,0,1500000,11867664b4cf,24124d2*,0.19,0.0493,0.0117,0.1768,2.0,916.3,0.81,7.5127,False,done,results/runs/worldModelRecurrente__base__b1500000__s0.config.json,results/runs/worldModelRecurrente_base_b1500000_seed0_test_id.json,results/heatmaps/worldModelRecurrente_base_b1500000_seed0_test_id.png,results/curves/worldModelRecurrente__base__b1500000__s0.csv
ppo__base__b1500000__s4,2026-06-04T19:18:04,ppo,base,torch2.12.0+np2.4.4+py3.13·mps,4,1500000,d149e4f8a490,24124d2*,0.9373,0.9253,0.9196,0.9304,32.0,1764.0,0.0627,56.2697,False,done,results/runs/ppo__base__b1500000__s4.config.json,results/runs/ppo_base_b1500000_seed4_test_id.json,results/heatmaps/ppo_base_b1500000_seed4_test_id.png,results/curves/ppo__base__b1500000__s4.csv
dqn__base__b3000000__s1,2026-06-04T19:18:23,dqn,base,torch2.12.0+np2.4.4+py3.13·mps,1,3000000,eb17b5025b66,24124d2*,0.6007,0.5187,0.5829,0.5679,30.0,1750.4,0.3993,58.5563,False,done,results/runs/dqn__base__b3000000__s1.config.json,results/runs/dqn_base_b3000000_seed1_test_id.json,results/heatmaps/dqn_base_b3000000_seed1_test_id.png,results/curves/dqn__base__b3000000__s1.csv
ppo__base__b1500000__s3,2026-06-04T19:18:29,ppo,base,torch2.12.0+np2.4.4+py3.13·mps,3,1500000,d149e4f8a490,24124d2*,0.9547,0.9587,0.9564,0.9643,32.0,1933.6,0.044,54.6783,False,done,results/runs/ppo__base__b1500000__s3.config.json,results/runs/ppo_base_b1500000_seed3_test_id.json,results/heatmaps/ppo_base_b1500000_seed3_test_id.png,results/curves/ppo__base__b1500000__s3.csv
worldModelRecurrente__base__b1500000__s1,2026-06-04T19:18:35,worldModelRecurrente,base,torch2.12.0+np2.4.4+py3.13·mps,1,1500000,11867664b4cf,24124d2*,0.196,0.116,0.0369,0.1875,5.0,998.9,0.8033,22.313,False,done,results/runs/worldModelRecurrente__base__b1500000__s1.config.json,results/runs/worldModelRecurrente_base_b1500000_seed1_test_id.json,results/heatmaps/worldModelRecurrente_base_b1500000_seed1_test_id.png,results/curves/worldModelRecurrente__base__b1500000__s1.csv
dqn__base__b3000000__s0,2026-06-04T19:18:38,dqn,base,torch2.12.0+np2.4.4+py3.13·mps,0,3000000,eb17b5025b66,24124d2*,0.8727,0.864,0.7923,0.8518,30.0,1645.6,0.1273,54.916,False,done,results/runs/dqn__base__b3000000__s0.config.json,results/runs/dqn_base_b3000000_seed0_test_id.json,results/heatmaps/dqn_base_b3000000_seed0_test_id.png,results/curves/dqn__base__b3000000__s0.csv
dqn__base__b3000000__s4,2026-06-04T19:19:43,dqn,base,torch2.12.0+np2.4.4+py3.13·mps,4,3000000,eb17b5025b66,24124d2*,0.89,0.8787,0.9012,0.8732,32.0,1667.1,0.11,54.1843,False,done,results/runs/dqn__base__b3000000__s4.config.json,results/runs/dqn_base_b3000000_seed4_test_id.json,results/heatmaps/dqn_base_b3000000_seed4_test_id.png,results/curves/dqn__base__b3000000__s4.csv
worldModelRecurrente__base__b1500000__s2,2026-06-04T19:21:18,worldModelRecurrente,base,torch2.12.0+np2.4.4+py3.13·mps,2,1500000,11867664b4cf,24124d2*,0.194,0.1533,0.2044,0.2232,14.0,1631.5,0.806,39.2863,False,done,results/runs/worldModelRecurrente__base__b1500000__s2.config.json,results/runs/worldModelRecurrente_base_b1500000_seed2_test_id.json,results/heatmaps/worldModelRecurrente_base_b1500000_seed2_test_id.png,results/curves/worldModelRecurrente__base__b1500000__s2.csv
dqn__base__b3000000__s2,2026-06-04T19:22:05,dqn,base,torch2.12.0+np2.4.4+py3.13·mps,2,3000000,eb17b5025b66,24124d2*,0.9833,0.9853,0.9782,0.9839,32.0,2145.3,0.0067,56.6573,False,done,results/runs/dqn__base__b3000000__s2.config.json,results/runs/dqn_base_b3000000_seed2_test_id.json,results/heatmaps/dqn_base_b3000000_seed2_test_id.png,results/curves/dqn__base__b3000000__s2.csv
worldModelRecurrente__base__b1500000__s4,2026-06-04T19:22:42,worldModelRecurrente,base,torch2.12.0+np2.4.4+py3.13·mps,4,1500000,11867664b4cf,24124d2*,0.5767,0.508,0.5092,0.5536,24.0,1564.4,0.4233,55.1813,False,done,results/runs/worldModelRecurrente__base__b1500000__s4.config.json,results/runs/worldModelRecurrente_base_b1500000_seed4_test_id.json,results/heatmaps/worldModelRecurrente_base_b1500000_seed4_test_id.png,results/curves/worldModelRecurrente__base__b1500000__s4.csv
worldModelRecurrente__base__b1500000__s3,2026-06-04T19:23:08,worldModelRecurrente,base,torch2.12.0+np2.4.4+py3.13·mps,3,1500000,11867664b4cf,24124d2*,0.606,0.6453,0.5796,0.5929,29.0,1736.6,0.394,52.0957,False,done,results/runs/worldModelRecurrente__base__b1500000__s3.config.json,results/runs/worldModelRecurrente_base_b1500000_seed3_test_id.json,results/heatmaps/worldModelRecurrente_base_b1500000_seed3_test_id.png,results/curves/worldModelRecurrente__base__b1500000__s3.csv
worldModel__base__b1500000__s3,2026-06-04T19:24:25,worldModel,base,torch2.12.0+np2.4.4+py3.13·mps,3,1500000,85d66e5b6dfb,24124d2*,0.67,0.6,0.5159,0.6321,24.0,2528.5,0.1953,47.935,False,done,results/runs/worldModel__base__b1500000__s3.config.json,results/runs/worldModel_base_b1500000_seed3_test_id.json,results/heatmaps/worldModel_base_b1500000_seed3_test_id.png,results/curves/worldModel__base__b1500000__s3.csv
worldModel__base__b1500000__s4,2026-06-04T19:24:46,worldModel,base,torch2.12.0+np2.4.4+py3.13·mps,4,1500000,85d66e5b6dfb,24124d2*,0.7853,0.7667,0.5913,0.7375,29.0,2536.9,0.166,53.5763,False,done,results/runs/worldModel__base__b1500000__s4.config.json,results/runs/worldModel_base_b1500000_seed4_test_id.json,results/heatmaps/worldModel_base_b1500000_seed4_test_id.png,results/curves/worldModel__base__b1500000__s4.csv
dqn__base__b3000000__s3,2026-06-04T19:26:16,dqn,base,torch2.12.0+np2.4.4+py3.13·mps,3,3000000,eb17b5025b66,24124d2*,0.9,0.8747,0.8476,0.8679,32.0,2080.7,0.068,59.2323,False,done,results/runs/dqn__base__b3000000__s3.config.json,results/runs/dqn_base_b3000000_seed3_test_id.json,results/heatmaps/dqn_base_b3000000_seed3_test_id.png,results/curves/dqn__base__b3000000__s3.csv
sac__base__b3000000__s0,2026-06-04T19:38:23,sac,base,torch2.12.0+np2.4.4+py3.13·mps,0,3000000,f7f29a610437,24124d2*,0.7473,0.8307,0.6147,0.7821,22.0,1633.6,0.2527,50.5587,False,done,results/runs/sac__base__b3000000__s0.config.json,results/runs/sac_base_b3000000_seed0_test_id.json,results/heatmaps/sac_base_b3000000_seed0_test_id.png,results/curves/sac__base__b3000000__s0.csv
sac__base__b3000000__s1,2026-06-04T19:42:49,sac,base,torch2.12.0+np2.4.4+py3.13·mps,1,3000000,f7f29a610437,24124d2*,0.8927,0.864,0.7203,0.8482,32.0,2896.5,0.02,60.97,False,done,results/runs/sac__base__b3000000__s1.config.json,results/runs/sac_base_b3000000_seed1_test_id.json,results/heatmaps/sac_base_b3000000_seed1_test_id.png,results/curves/sac__base__b3000000__s1.csv
sac__base__b3000000__s4,2026-06-04T19:44:20,sac,base,torch2.12.0+np2.4.4+py3.13·mps,4,3000000,f7f29a610437,24124d2*,0.966,0.9627,0.9464,0.9589,32.0,2214.3,0.0147,71.0013,False,done,results/runs/sac__base__b3000000__s4.config.json,results/runs/sac_base_b3000000_seed4_test_id.json,results/heatmaps/sac_base_b3000000_seed4_test_id.png,results/curves/sac__base__b3000000__s4.csv
sac__base__b3000000__s2,2026-06-04T19:44:42,sac,base,torch2.12.0+np2.4.4+py3.13·mps,2,3000000,f7f29a610437,24124d2*,0.8573,0.864,0.6365,0.8589,32.0,2743.2,0.084,60.566,False,done,results/runs/sac__base__b3000000__s2.config.json,results/runs/sac_base_b3000000_seed2_test_id.json,results/heatmaps/sac_base_b3000000_seed2_test_id.png,results/curves/sac__base__b3000000__s2.csv
sac__base__b3000000__s3,2026-06-04T19:44:51,sac,base,torch2.12.0+np2.4.4+py3.13·mps,3,3000000,f7f29a610437,24124d2*,0.9467,0.912,0.7253,0.9143,32.0,2746.1,0.02,58.6423,False,done,results/runs/sac__base__b3000000__s3.config.json,results/runs/sac_base_b3000000_seed3_test_id.json,results/heatmaps/sac_base_b3000000_seed3_test_id.png,results/curves/sac__base__b3000000__s3.csv
ppo__base__b3000000__s1,2026-06-04T19:46:43,ppo,base,torch2.12.0+np2.4.4+py3.13·mps,1,3000000,6154c3a1ee44,24124d2*,0.8233,0.7533,0.7404,0.8304,31.0,1660.7,0.1767,54.0777,False,done,results/runs/ppo__base__b3000000__s1.config.json,results/runs/ppo_base_b3000000_seed1_test_id.json,results/heatmaps/ppo_base_b3000000_seed1_test_id.png,results/curves/ppo__base__b3000000__s1.csv
ppo__base__b3000000__s0,2026-06-04T19:46:51,ppo,base,torch2.12.0+np2.4.4+py3.13·mps,0,3000000,6154c3a1ee44,24124d2*,0.8733,0.852,0.9012,0.8714,32.0,1610.4,0.1247,58.0487,False,done,results/runs/ppo__base__b3000000__s0.config.json,results/runs/ppo_base_b3000000_seed0_test_id.json,results/heatmaps/ppo_base_b3000000_seed0_test_id.png,results/curves/ppo__base__b3000000__s0.csv
worldModel__base__b3000000__s2,2026-06-04T19:47:01,worldModel,base,torch2.12.0+np2.4.4+py3.13·mps,2,3000000,9600878a2e11,24124d2*,0.252,0.1907,0.206,0.2643,26.0,1538.6,0.748,48.6053,False,done,results/runs/worldModel__base__b3000000__s2.config.json,results/runs/worldModel_base_b3000000_seed2_test_id.json,results/heatmaps/worldModel_base_b3000000_seed2_test_id.png,results/curves/worldModel__base__b3000000__s2.csv
worldModel__base__b3000000__s0,2026-06-04T19:47:15,worldModel,base,torch2.12.0+np2.4.4+py3.13·mps,0,3000000,9600878a2e11,24124d2*,0.1413,0.0853,0.0988,0.1143,26.0,1757.9,0.8567,51.0093,False,done,results/runs/worldModel__base__b3000000__s0.config.json,results/runs/worldModel_base_b3000000_seed0_test_id.json,results/heatmaps/worldModel_base_b3000000_seed0_test_id.png,results/curves/worldModel__base__b3000000__s0.csv
worldModelRecurrente__base__b3000000__s0,2026-06-04T19:47:19,worldModelRecurrente,base,torch2.12.0+np2.4.4+py3.13·mps,0,3000000,4c85ff78640c,24124d2*,0.0847,0.0347,0.0369,0.0607,14.5,1011.7,0.9153,34.766,True,done,results/runs/worldModelRecurrente__base__b3000000__s0.config.json,results/runs/worldModelRecurrente_base_b3000000_seed0_test_id.json,results/heatmaps/worldModelRecurrente_base_b3000000_seed0_test_id.png,results/curves/worldModelRecurrente__base__b3000000__s0.csv
worldModel__base__b3000000__s4,2026-06-04T19:47:28,worldModel,base,torch2.12.0+np2.4.4+py3.13·mps,4,3000000,9600878a2e11,24124d2*,0.8247,0.7667,0.7303,0.7946,30.0,1866.8,0.174,52.324,False,done,results/runs/worldModel__base__b3000000__s4.config.json,results/runs/worldModel_base_b3000000_seed4_test_id.json,results/heatmaps/worldModel_base_b3000000_seed4_test_id.png,results/curves/worldModel__base__b3000000__s4.csv
ppo__base__b3000000__s3,2026-06-04T19:47:29,ppo,base,torch2.12.0+np2.4.4+py3.13·mps,3,3000000,6154c3a1ee44,24124d2*,0.8613,0.872,0.7873,0.8536,32.0,1626.3,0.1387,55.1123,False,done,results/runs/ppo__base__b3000000__s3.config.json,results/runs/ppo_base_b3000000_seed3_test_id.json,results/heatmaps/ppo_base_b3000000_seed3_test_id.png,results/curves/ppo__base__b3000000__s3.csv
ppo__base__b3000000__s4,2026-06-04T19:47:30,ppo,base,torch2.12.0+np2.4.4+py3.13·mps,4,3000000,6154c3a1ee44,24124d2*,0.8853,0.8333,0.9095,0.8875,32.0,1701.2,0.1147,56.445,False,done,results/runs/ppo__base__b3000000__s4.config.json,results/runs/ppo_base_b3000000_seed4_test_id.json,results/heatmaps/ppo_base_b3000000_seed4_test_id.png,results/curves/ppo__base__b3000000__s4.csv
ppo__base__b3000000__s2,2026-06-04T19:47:32,ppo,base,torch2.12.0+np2.4.4+py3.13·mps,2,3000000,6154c3a1ee44,24124d2*,0.9287,0.9107,0.9296,0.9339,32.0,1643.1,0.0707,59.347,False,done,results/runs/ppo__base__b3000000__s2.config.json,results/runs/ppo_base_b3000000_seed2_test_id.json,results/heatmaps/ppo_base_b3000000_seed2_test_id.png,results/curves/ppo__base__b3000000__s2.csv
worldModelRecurrente__base__b3000000__s1,2026-06-04T19:47:33,worldModelRecurrente,base,torch2.12.0+np2.4.4+py3.13·mps,1,3000000,4c85ff78640c,24124d2*,0.5107,0.556,0.4707,0.5321,20.0,1666.0,0.4893,46.302,False,done,results/runs/worldModelRecurrente__base__b3000000__s1.config.json,results/runs/worldModelRecurrente_base_b3000000_seed1_test_id.json,results/heatmaps/worldModelRecurrente_base_b3000000_seed1_test_id.png,results/curves/worldModelRecurrente__base__b3000000__s1.csv
worldModel__base__b3000000__s1,2026-06-04T19:47:38,worldModel,base,torch2.12.0+np2.4.4+py3.13·mps,1,3000000,9600878a2e11,24124d2*,0.708,0.728,0.5829,0.6714,26.0,2283.6,0.274,52.5077,False,done,results/runs/worldModel__base__b3000000__s1.config.json,results/runs/worldModel_base_b3000000_seed1_test_id.json,results/heatmaps/worldModel_base_b3000000_seed1_test_id.png,results/curves/worldModel__base__b3000000__s1.csv
worldModelRecurrente__base__b3000000__s2,2026-06-04T19:47:48,worldModelRecurrente,base,torch2.12.0+np2.4.4+py3.13·mps,2,3000000,4c85ff78640c,24124d2*,0.42,0.4307,0.1022,0.4161,6.0,1513.2,0.5793,28.6483,False,done,results/runs/worldModelRecurrente__base__b3000000__s2.config.json,results/runs/worldModelRecurrente_base_b3000000_seed2_test_id.json,results/heatmaps/worldModelRecurrente_base_b3000000_seed2_test_id.png,results/curves/worldModelRecurrente__base__b3000000__s2.csv
worldModelRecurrente__base__b3000000__s4,2026-06-04T19:48:09,worldModelRecurrente,base,torch2.12.0+np2.4.4+py3.13·mps,4,3000000,4c85ff78640c,24124d2*,0.6607,0.5387,0.3635,0.5768,23.0,1557.0,0.3393,49.8973,False,done,results/runs/worldModelRecurrente__base__b3000000__s4.config.json,results/runs/worldModelRecurrente_base_b3000000_seed4_test_id.json,results/heatmaps/worldModelRecurrente_base_b3000000_seed4_test_id.png,results/curves/worldModelRecurrente__base__b3000000__s4.csv
worldModel__base__b3000000__s3,2026-06-04T19:48:13,worldModel,base,torch2.12.0+np2.4.4+py3.13·mps,3,3000000,9600878a2e11,24124d2*,0.8773,0.888,0.6817,0.8661,32.0,2510.6,0.048,57.697,False,done,results/runs/worldModel__base__b3000000__s3.config.json,results/runs/worldModel_base_b3000000_seed3_test_id.json,results/heatmaps/worldModel_base_b3000000_seed3_test_id.png,results/curves/worldModel__base__b3000000__s3.csv
worldModelRecurrente__base__b3000000__s3,2026-06-04T19:48:18,worldModelRecurrente,base,torch2.12.0+np2.4.4+py3.13·mps,3,3000000,4c85ff78640c,24124d2*,0.3067,0.3147,0.0754,0.3107,6.0,1481.6,0.692,24.1887,False,done,results/runs/worldModelRecurrente__base__b3000000__s3.config.json,results/runs/worldModelRecurrente_base_b3000000_seed3_test_id.json,results/heatmaps/worldModelRecurrente_base_b3000000_seed3_test_id.png,results/curves/worldModelRecurrente__base__b3000000__s3.csv
dqn__flat__b700000__s0,2026-06-04T20:13:18,dqn,flat,torch2.12.0+np2.4.4+py3.13·mps,0,700000,b6dc6e3a09fa,24124d2*,0.352,0.2093,0.0067,0.2768,3.0,1471.1,0.6467,15.1963,False,done,results/runs/dqn__flat__b700000__s0.config.json,results/runs/dqn_flat_b700000_seed0_test_id.json,results/heatmaps/dqn_flat_b700000_seed0_test_id.png,results/curves/dqn__flat__b700000__s0.csv
dqn__flat_0.25__b700000__s0,2026-06-04T20:15:01,dqn,flat_0.25,torch2.12.0+np2.4.4+py3.13·mps,0,700000,f991bf99fbae,24124d2*,0.0087,0.0013,0.0,0.0071,1.0,82.3,0.9913,3.7257,True,done,results/runs/dqn__flat_0.25__b700000__s0.config.json,results/runs/dqn_flat_0.25_b700000_seed0_test_id.json,results/heatmaps/dqn_flat_0.25_b700000_seed0_test_id.png,results/curves/dqn__flat_0.25__b700000__s0.csv
dqn__flat_0.25__b700000__s3,2026-06-04T20:15:02,dqn,flat_0.25,torch2.12.0+np2.4.4+py3.13·mps,3,700000,f991bf99fbae,24124d2*,0.008,0.0013,0.0,0.0071,1.0,67.4,0.992,4.767,True,done,results/runs/dqn__flat_0.25__b700000__s3.config.json,results/runs/dqn_flat_0.25_b700000_seed3_test_id.json,results/heatmaps/dqn_flat_0.25_b700000_seed3_test_id.png,results/curves/dqn__flat_0.25__b700000__s3.csv
dqn__flat_0.25__b700000__s1,2026-06-04T20:15:03,dqn,flat_0.25,torch2.12.0+np2.4.4+py3.13·mps,1,700000,f991bf99fbae,24124d2*,0.0067,0.0,0.0,0.0054,1.0,70.6,0.9933,2.991,True,done,results/runs/dqn__flat_0.25__b700000__s1.config.json,results/runs/dqn_flat_0.25_b700000_seed1_test_id.json,results/heatmaps/dqn_flat_0.25_b700000_seed1_test_id.png,results/curves/dqn__flat_0.25__b700000__s1.csv
dqn__flat_0.25__b700000__s2,2026-06-04T20:15:06,dqn,flat_0.25,torch2.12.0+np2.4.4+py3.13·mps,2,700000,f991bf99fbae,24124d2*,0.0087,0.0,0.0,0.0071,1.0,79.3,0.9913,3.765,True,done,results/runs/dqn__flat_0.25__b700000__s2.config.json,results/runs/dqn_flat_0.25_b700000_seed2_test_id.json,results/heatmaps/dqn_flat_0.25_b700000_seed2_test_id.png,results/curves/dqn__flat_0.25__b700000__s2.csv
dqn__flat_0.25__b700000__s4,2026-06-04T20:15:07,dqn,flat_0.25,torch2.12.0+np2.4.4+py3.13·mps,4,700000,f991bf99fbae,24124d2*,0.006,0.0,0.0,0.0036,1.0,51.1,0.994,3.4347,True,done,results/runs/dqn__flat_0.25__b700000__s4.config.json,results/runs/dqn_flat_0.25_b700000_seed4_test_id.json,results/heatmaps/dqn_flat_0.25_b700000_seed4_test_id.png,results/curves/dqn__flat_0.25__b700000__s4.csv
dqn__flat_0.25__b1500000__s3,2026-06-04T20:15:29,dqn,flat_0.25,torch2.12.0+np2.4.4+py3.13·mps,3,1500000,e7019ae8f74b,24124d2*,0.0087,0.0013,0.0,0.0071,1.0,82.3,0.9913,3.7257,True,done,results/runs/dqn__flat_0.25__b1500000__s3.config.json,results/runs/dqn_flat_0.25_b1500000_seed3_test_id.json,results/heatmaps/dqn_flat_0.25_b1500000_seed3_test_id.png,results/curves/dqn__flat_0.25__b1500000__s3.csv
dqn__flat_0.25__b1500000__s1,2026-06-04T20:15:32,dqn,flat_0.25,torch2.12.0+np2.4.4+py3.13·mps,1,1500000,e7019ae8f74b,24124d2*,0.0093,0.0,0.0,0.0054,1.0,51.6,0.9907,3.0537,True,done,results/runs/dqn__flat_0.25__b1500000__s1.config.json,results/runs/dqn_flat_0.25_b1500000_seed1_test_id.json,results/heatmaps/dqn_flat_0.25_b1500000_seed1_test_id.png,results/curves/dqn__flat_0.25__b1500000__s1.csv
dqn__flat_0.25__b1500000__s0,2026-06-04T20:15:33,dqn,flat_0.25,torch2.12.0+np2.4.4+py3.13·mps,0,1500000,e7019ae8f74b,24124d2*,0.0087,0.0013,0.0,0.0071,1.0,82.3,0.9913,3.7257,True,done,results/runs/dqn__flat_0.25__b1500000__s0.config.json,results/runs/dqn_flat_0.25_b1500000_seed0_test_id.json,results/heatmaps/dqn_flat_0.25_b1500000_seed0_test_id.png,results/curves/dqn__flat_0.25__b1500000__s0.csv
dqn__flat_0.25__b1500000__s2,2026-06-04T20:15:34,dqn,flat_0.25,torch2.12.0+np2.4.4+py3.13·mps,2,1500000,e7019ae8f74b,24124d2*,0.0093,0.0,0.0,0.0054,1.0,51.6,0.9907,3.0537,True,done,results/runs/dqn__flat_0.25__b1500000__s2.config.json,results/runs/dqn_flat_0.25_b1500000_seed2_test_id.json,results/heatmaps/dqn_flat_0.25_b1500000_seed2_test_id.png,results/curves/dqn__flat_0.25__b1500000__s2.csv
dqn__flat_0.25__b1500000__s4,2026-06-04T20:15:35,dqn,flat_0.25,torch2.12.0+np2.4.4+py3.13·mps,4,1500000,e7019ae8f74b,24124d2*,0.008,0.0,0.0,0.0071,1.0,66.1,0.992,3.4803,True,done,results/runs/dqn__flat_0.25__b1500000__s4.config.json,results/runs/dqn_flat_0.25_b1500000_seed4_test_id.json,results/heatmaps/dqn_flat_0.25_b1500000_seed4_test_id.png,results/curves/dqn__flat_0.25__b1500000__s4.csv
dqn__flat__b700000__s4,2026-06-04T20:16:05,dqn,flat,torch2.12.0+np2.4.4+py3.13·mps,4,700000,b6dc6e3a09fa,24124d2*,0.2313,0.1293,0.0151,0.1857,2.0,1163.4,0.7687,13.27,False,done,results/runs/dqn__flat__b700000__s4.config.json,results/runs/dqn_flat_b700000_seed4_test_id.json,results/heatmaps/dqn_flat_b700000_seed4_test_id.png,results/curves/dqn__flat__b700000__s4.csv
dqn__flat__b700000__s2,2026-06-04T20:16:08,dqn,flat,torch2.12.0+np2.4.4+py3.13·mps,2,700000,b6dc6e3a09fa,24124d2*,0.1653,0.136,0.0034,0.1089,3.0,1167.4,0.834,15.98,False,done,results/runs/dqn__flat__b700000__s2.config.json,results/runs/dqn_flat_b700000_seed2_test_id.json,results/heatmaps/dqn_flat_b700000_seed2_test_id.png,results/curves/dqn__flat__b700000__s2.csv
dqn__branches__b700000__s0,2026-06-04T20:16:28,dqn,branches,torch2.12.0+np2.4.4+py3.13·mps,0,700000,0a3782ba1003,24124d2*,0.2327,0.1507,0.0134,0.1911,5.0,1185.6,0.7673,24.8223,False,done,results/runs/dqn__branches__b700000__s0.config.json,results/runs/dqn_branches_b700000_seed0_test_id.json,results/heatmaps/dqn_branches_b700000_seed0_test_id.png,results/curves/dqn__branches__b700000__s0.csv
dqn__branches__b700000__s3,2026-06-04T20:17:01,dqn,branches,torch2.12.0+np2.4.4+py3.13·mps,3,700000,0a3782ba1003,24124d2*,0.422,0.2947,0.139,0.3982,11.0,1720.3,0.5753,33.537,False,done,results/runs/dqn__branches__b700000__s3.config.json,results/runs/dqn_branches_b700000_seed3_test_id.json,results/heatmaps/dqn_branches_b700000_seed3_test_id.png,results/curves/dqn__branches__b700000__s3.csv
dqn__flat__b700000__s1,2026-06-04T20:17:02,dqn,flat,torch2.12.0+np2.4.4+py3.13·mps,1,700000,b6dc6e3a09fa,24124d2*,0.3347,0.1973,0.0503,0.2875,5.0,2103.9,0.648,23.2883,False,done,results/runs/dqn__flat__b700000__s1.config.json,results/runs/dqn_flat_b700000_seed1_test_id.json,results/heatmaps/dqn_flat_b700000_seed1_test_id.png,results/curves/dqn__flat__b700000__s1.csv
dqn__flat__b700000__s3,2026-06-04T20:17:06,dqn,flat,torch2.12.0+np2.4.4+py3.13·mps,3,700000,b6dc6e3a09fa,24124d2*,0.5167,0.4693,0.0536,0.4518,9.0,1753.1,0.4807,30.1997,False,done,results/runs/dqn__flat__b700000__s3.config.json,results/runs/dqn_flat_b700000_seed3_test_id.json,results/heatmaps/dqn_flat_b700000_seed3_test_id.png,results/curves/dqn__flat__b700000__s3.csv
dqn__flat__b1500000__s1,2026-06-04T20:17:39,dqn,flat,torch2.12.0+np2.4.4+py3.13·mps,1,1500000,d5ae6d489910,24124d2*,0.3853,0.2507,0.057,0.3696,7.0,1644.7,0.6093,25.9217,False,done,results/runs/dqn__flat__b1500000__s1.config.json,results/runs/dqn_flat_b1500000_seed1_test_id.json,results/heatmaps/dqn_flat_b1500000_seed1_test_id.png,results/curves/dqn__flat__b1500000__s1.csv
dqn__flat__b1500000__s4,2026-06-04T20:17:47,dqn,flat,torch2.12.0+np2.4.4+py3.13·mps,4,1500000,d5ae6d489910,24124d2*,0.5347,0.44,0.2261,0.5143,12.0,1796.8,0.4607,35.963,False,done,results/runs/dqn__flat__b1500000__s4.config.json,results/runs/dqn_flat_b1500000_seed4_test_id.json,results/heatmaps/dqn_flat_b1500000_seed4_test_id.png,results/curves/dqn__flat__b1500000__s4.csv
dqn__branches__b700000__s4,2026-06-04T20:17:53,dqn,branches,torch2.12.0+np2.4.4+py3.13·mps,4,700000,0a3782ba1003,24124d2*,0.7367,0.7507,0.2864,0.7071,24.0,2308.7,0.246,46.682,False,done,results/runs/dqn__branches__b700000__s4.config.json,results/runs/dqn_branches_b700000_seed4_test_id.json,results/heatmaps/dqn_branches_b700000_seed4_test_id.png,results/curves/dqn__branches__b700000__s4.csv
dqn__flat_0.25__b3000000__s0,2026-06-04T20:17:55,dqn,flat_0.25,torch2.12.0+np2.4.4+py3.13·mps,0,3000000,34ae9a2267e0,24124d2*,0.0087,0.0013,0.0,0.0071,1.0,82.3,0.9913,3.7257,True,done,results/runs/dqn__flat_0.25__b3000000__s0.config.json,results/runs/dqn_flat_0.25_b3000000_seed0_test_id.json,results/heatmaps/dqn_flat_0.25_b3000000_seed0_test_id.png,results/curves/dqn__flat_0.25__b3000000__s0.csv
dqn__flat_0.25__b3000000__s1,2026-06-04T20:17:57,dqn,flat_0.25,torch2.12.0+np2.4.4+py3.13·mps,1,3000000,34ae9a2267e0,24124d2*,0.0093,0.0,0.0,0.0054,1.0,51.6,0.9907,3.0537,True,done,results/runs/dqn__flat_0.25__b3000000__s1.config.json,results/runs/dqn_flat_0.25_b3000000_seed1_test_id.json,results/heatmaps/dqn_flat_0.25_b3000000_seed1_test_id.png,results/curves/dqn__flat_0.25__b3000000__s1.csv
dqn__flat__b1500000__s0,2026-06-04T20:18:07,dqn,flat,torch2.12.0+np2.4.4+py3.13·mps,0,1500000,d5ae6d489910,24124d2*,0.764,0.696,0.2395,0.7054,23.0,1974.3,0.2313,48.5837,False,done,results/runs/dqn__flat__b1500000__s0.config.json,results/runs/dqn_flat_b1500000_seed0_test_id.json,results/heatmaps/dqn_flat_b1500000_seed0_test_id.png,results/curves/dqn__flat__b1500000__s0.csv
dqn__branches__b700000__s1,2026-06-04T20:18:15,dqn,branches,torch2.12.0+np2.4.4+py3.13·mps,1,700000,0a3782ba1003,24124d2*,0.7487,0.688,0.2496,0.7089,24.0,2412.7,0.172,45.796,False,done,results/runs/dqn__branches__b700000__s1.config.json,results/runs/dqn_branches_b700000_seed1_test_id.json,results/heatmaps/dqn_branches_b700000_seed1_test_id.png,results/curves/dqn__branches__b700000__s1.csv
dqn__branches__b700000__s2,2026-06-04T20:18:16,dqn,branches,torch2.12.0+np2.4.4+py3.13·mps,2,700000,0a3782ba1003,24124d2*,0.594,0.5893,0.0687,0.5339,13.0,2329.4,0.3693,35.786,False,done,results/runs/dqn__branches__b700000__s2.config.json,results/runs/dqn_branches_b700000_seed2_test_id.json,results/heatmaps/dqn_branches_b700000_seed2_test_id.png,results/curves/dqn__branches__b700000__s2.csv
dqn__flat__b1500000__s2,2026-06-04T20:18:17,dqn,flat,torch2.12.0+np2.4.4+py3.13·mps,2,1500000,d5ae6d489910,24124d2*,0.692,0.6347,0.201,0.6304,19.0,2184.0,0.29,44.088,False,done,results/runs/dqn__flat__b1500000__s2.config.json,results/runs/dqn_flat_b1500000_seed2_test_id.json,results/heatmaps/dqn_flat_b1500000_seed2_test_id.png,results/curves/dqn__flat__b1500000__s2.csv
dqn__flat_0.25__b3000000__s2,2026-06-04T20:18:20,dqn,flat_0.25,torch2.12.0+np2.4.4+py3.13·mps,2,3000000,34ae9a2267e0,24124d2*,0.008,0.0,0.0,0.0071,1.0,66.1,0.992,3.4803,True,done,results/runs/dqn__flat_0.25__b3000000__s2.config.json,results/runs/dqn_flat_0.25_b3000000_seed2_test_id.json,results/heatmaps/dqn_flat_0.25_b3000000_seed2_test_id.png,results/curves/dqn__flat_0.25__b3000000__s2.csv
dqn__flat__b1500000__s3,2026-06-04T20:18:25,dqn,flat,torch2.12.0+np2.4.4+py3.13·mps,3,1500000,d5ae6d489910,24124d2*,0.4693,0.3733,0.1508,0.3929,19.0,1992.1,0.5113,40.8683,False,done,results/runs/dqn__flat__b1500000__s3.config.json,results/runs/dqn_flat_b1500000_seed3_test_id.json,results/heatmaps/dqn_flat_b1500000_seed3_test_id.png,results/curves/dqn__flat__b1500000__s3.csv
dqn__flat_0.25__b3000000__s3,2026-06-04T20:18:40,dqn,flat_0.25,torch2.12.0+np2.4.4+py3.13·mps,3,3000000,34ae9a2267e0,24124d2*,0.0087,0.0013,0.0,0.0071,1.0,82.3,0.9913,3.7257,True,done,results/runs/dqn__flat_0.25__b3000000__s3.config.json,results/runs/dqn_flat_0.25_b3000000_seed3_test_id.json,results/heatmaps/dqn_flat_0.25_b3000000_seed3_test_id.png,results/curves/dqn__flat_0.25__b3000000__s3.csv
dqn__branches__b1500000__s3,2026-06-04T20:18:43,dqn,branches,torch2.12.0+np2.4.4+py3.13·mps,3,1500000,9b1775ef3b7e,24124d2*,0.7287,0.6773,0.2362,0.6554,20.0,1963.6,0.266,42.0493,False,done,results/runs/dqn__branches__b1500000__s3.config.json,results/runs/dqn_branches_b1500000_seed3_test_id.json,results/heatmaps/dqn_branches_b1500000_seed3_test_id.png,results/curves/dqn__branches__b1500000__s3.csv
dqn__flat_0.25__b3000000__s4,2026-06-04T20:18:43,dqn,flat_0.25,torch2.12.0+np2.4.4+py3.13·mps,4,3000000,34ae9a2267e0,24124d2*,0.008,0.0,0.0,0.0071,1.0,66.1,0.992,3.4803,True,done,results/runs/dqn__flat_0.25__b3000000__s4.config.json,results/runs/dqn_flat_0.25_b3000000_seed4_test_id.json,results/heatmaps/dqn_flat_0.25_b3000000_seed4_test_id.png,results/curves/dqn__flat_0.25__b3000000__s4.csv
dqn__branches__b1500000__s0,2026-06-04T20:18:49,dqn,branches,torch2.12.0+np2.4.4+py3.13·mps,0,1500000,9b1775ef3b7e,24124d2*,0.646,0.592,0.2395,0.6125,16.0,2039.5,0.3433,40.962,False,done,results/runs/dqn__branches__b1500000__s0.config.json,results/runs/dqn_branches_b1500000_seed0_test_id.json,results/heatmaps/dqn_branches_b1500000_seed0_test_id.png,results/curves/dqn__branches__b1500000__s0.csv
dqn__branches__b1500000__s4,2026-06-04T20:19:02,dqn,branches,torch2.12.0+np2.4.4+py3.13·mps,4,1500000,9b1775ef3b7e,24124d2*,0.8573,0.8373,0.5946,0.8411,28.0,2179.4,0.1393,52.6903,False,done,results/runs/dqn__branches__b1500000__s4.config.json,results/runs/dqn_branches_b1500000_seed4_test_id.json,results/heatmaps/dqn_branches_b1500000_seed4_test_id.png,results/curves/dqn__branches__b1500000__s4.csv
dqn__branches__b1500000__s2,2026-06-04T20:19:10,dqn,branches,torch2.12.0+np2.4.4+py3.13·mps,2,1500000,9b1775ef3b7e,24124d2*,0.802,0.7267,0.5745,0.7571,31.0,2424.1,0.1553,52.451,False,done,results/runs/dqn__branches__b1500000__s2.config.json,results/runs/dqn_branches_b1500000_seed2_test_id.json,results/heatmaps/dqn_branches_b1500000_seed2_test_id.png,results/curves/dqn__branches__b1500000__s2.csv
dqn__flat__b3000000__s3,2026-06-04T20:19:17,dqn,flat,torch2.12.0+np2.4.4+py3.13·mps,3,3000000,92699cdbad24,24124d2*,0.794,0.6773,0.598,0.7411,28.0,1735.0,0.2053,51.117,False,done,results/runs/dqn__flat__b3000000__s3.config.json,results/runs/dqn_flat_b3000000_seed3_test_id.json,results/heatmaps/dqn_flat_b3000000_seed3_test_id.png,results/curves/dqn__flat__b3000000__s3.csv
dqn__branches__b1500000__s1,2026-06-04T20:19:17,dqn,branches,torch2.12.0+np2.4.4+py3.13·mps,1,1500000,9b1775ef3b7e,24124d2*,0.8493,0.7573,0.6064,0.8411,29.0,2472.7,0.1313,54.526,False,done,results/runs/dqn__branches__b1500000__s1.config.json,results/runs/dqn_branches_b1500000_seed1_test_id.json,results/heatmaps/dqn_branches_b1500000_seed1_test_id.png,results/curves/dqn__branches__b1500000__s1.csv
dqn__flat__b3000000__s0,2026-06-04T20:19:31,dqn,flat,torch2.12.0+np2.4.4+py3.13·mps,0,3000000,92699cdbad24,24124d2*,0.842,0.8,0.5394,0.8143,26.0,1785.7,0.1573,49.5213,False,done,results/runs/dqn__flat__b3000000__s0.config.json,results/runs/dqn_flat_b3000000_seed0_test_id.json,results/heatmaps/dqn_flat_b3000000_seed0_test_id.png,results/curves/dqn__flat__b3000000__s0.csv
dqn__flat__b3000000__s4,2026-06-04T20:19:34,dqn,flat,torch2.12.0+np2.4.4+py3.13·mps,4,3000000,92699cdbad24,24124d2*,0.6307,0.4707,0.0787,0.5429,15.0,1938.1,0.346,38.417,False,done,results/runs/dqn__flat__b3000000__s4.config.json,results/runs/dqn_flat_b3000000_seed4_test_id.json,results/heatmaps/dqn_flat_b3000000_seed4_test_id.png,results/curves/dqn__flat__b3000000__s4.csv
dqn__flat__b3000000__s2,2026-06-04T20:19:35,dqn,flat,torch2.12.0+np2.4.4+py3.13·mps,2,3000000,92699cdbad24,24124d2*,0.738,0.6693,0.2044,0.6321,23.0,2029.4,0.2547,48.476,False,done,results/runs/dqn__flat__b3000000__s2.config.json,results/runs/dqn_flat_b3000000_seed2_test_id.json,results/heatmaps/dqn_flat_b3000000_seed2_test_id.png,results/curves/dqn__flat__b3000000__s2.csv
dqn__flat__b3000000__s1,2026-06-04T20:19:41,dqn,flat,torch2.12.0+np2.4.4+py3.13·mps,1,3000000,92699cdbad24,24124d2*,0.862,0.8227,0.593,0.8393,29.0,1997.6,0.1253,53.3903,False,done,results/runs/dqn__flat__b3000000__s1.config.json,results/runs/dqn_flat_b3000000_seed1_test_id.json,results/heatmaps/dqn_flat_b3000000_seed1_test_id.png,results/curves/dqn__flat__b3000000__s1.csv
dqn__branches__b3000000__s2,2026-06-04T20:20:51,dqn,branches,torch2.12.0+np2.4.4+py3.13·mps,2,3000000,8612c818aa6c,24124d2*,0.1927,0.1173,0.1457,0.1911,29.0,1467.0,0.8067,46.6763,False,done,results/runs/dqn__branches__b3000000__s2.config.json,results/runs/dqn_branches_b3000000_seed2_test_id.json,results/heatmaps/dqn_branches_b3000000_seed2_test_id.png,results/curves/dqn__branches__b3000000__s2.csv
dqn__branches__b3000000__s0,2026-06-04T20:20:52,dqn,branches,torch2.12.0+np2.4.4+py3.13·mps,0,3000000,8612c818aa6c,24124d2*,0.8667,0.8213,0.5444,0.8232,30.0,2434.5,0.1033,53.6347,False,done,results/runs/dqn__branches__b3000000__s0.config.json,results/runs/dqn_branches_b3000000_seed0_test_id.json,results/heatmaps/dqn_branches_b3000000_seed0_test_id.png,results/curves/dqn__branches__b3000000__s0.csv
dqn__branches__b3000000__s3,2026-06-04T20:20:56,dqn,branches,torch2.12.0+np2.4.4+py3.13·mps,3,3000000,8612c818aa6c,24124d2*,0.86,0.8693,0.8074,0.8357,30.0,1779.5,0.14,52.3113,False,done,results/runs/dqn__branches__b3000000__s3.config.json,results/runs/dqn_branches_b3000000_seed3_test_id.json,results/heatmaps/dqn_branches_b3000000_seed3_test_id.png,results/curves/dqn__branches__b3000000__s3.csv
dqn__branches__b3000000__s1,2026-06-04T20:21:08,dqn,branches,torch2.12.0+np2.4.4+py3.13·mps,1,3000000,8612c818aa6c,24124d2*,0.976,0.9773,0.9816,0.9804,32.0,2073.1,0.024,56.366,False,done,results/runs/dqn__branches__b3000000__s1.config.json,results/runs/dqn_branches_b3000000_seed1_test_id.json,results/heatmaps/dqn_branches_b3000000_seed1_test_id.png,results/curves/dqn__branches__b3000000__s1.csv
dqn__branches__b3000000__s4,2026-06-04T20:21:29,dqn,branches,torch2.12.0+np2.4.4+py3.13·mps,4,3000000,8612c818aa6c,24124d2*,0.924,0.928,0.8174,0.9036,32.0,2426.0,0.0507,55.1623,False,done,results/runs/dqn__branches__b3000000__s4.config.json,results/runs/dqn_branches_b3000000_seed4_test_id.json,results/heatmaps/dqn_branches_b3000000_seed4_test_id.png,results/curves/dqn__branches__b3000000__s4.csv
dqn__sin_escala__b1500000__s0,2026-06-04T20:25:48,dqn,sin_escala,torch2.12.0+np2.4.4+py3.13·mps,0,1500000,120659c22c2c,24124d2*,0.0087,0.0013,0.0,0.0071,1.0,82.3,0.9913,3.7257,True,done,results/runs/dqn__sin_escala__b1500000__s0.config.json,results/runs/dqn_sin_escala_b1500000_seed0_test_id.json,results/heatmaps/dqn_sin_escala_b1500000_seed0_test_id.png,results/curves/dqn__sin_escala__b1500000__s0.csv
dqn__sin_escala__b1500000__s3,2026-06-04T20:25:51,dqn,sin_escala,torch2.12.0+np2.4.4+py3.13·mps,3,1500000,120659c22c2c,24124d2*,0.0087,0.0013,0.0,0.0071,1.0,82.3,0.9913,3.7257,True,done,results/runs/dqn__sin_escala__b1500000__s3.config.json,results/runs/dqn_sin_escala_b1500000_seed3_test_id.json,results/heatmaps/dqn_sin_escala_b1500000_seed3_test_id.png,results/curves/dqn__sin_escala__b1500000__s3.csv
dqn__sin_escala__b1500000__s4,2026-06-04T20:25:53,dqn,sin_escala,torch2.12.0+np2.4.4+py3.13·mps,4,1500000,120659c22c2c,24124d2*,0.0087,0.0013,0.0,0.0071,1.0,82.3,0.9913,3.7257,True,done,results/runs/dqn__sin_escala__b1500000__s4.config.json,results/runs/dqn_sin_escala_b1500000_seed4_test_id.json,results/heatmaps/dqn_sin_escala_b1500000_seed4_test_id.png,results/curves/dqn__sin_escala__b1500000__s4.csv
dqn__sin_escala__b1500000__s2,2026-06-04T20:25:57,dqn,sin_escala,torch2.12.0+np2.4.4+py3.13·mps,2,1500000,120659c22c2c,24124d2*,0.008,0.0,0.0,0.0071,1.0,66.1,0.992,3.4803,True,done,results/runs/dqn__sin_escala__b1500000__s2.config.json,results/runs/dqn_sin_escala_b1500000_seed2_test_id.json,results/heatmaps/dqn_sin_escala_b1500000_seed2_test_id.png,results/curves/dqn__sin_escala__b1500000__s2.csv
dqn__sin_escala__b1500000__s1,2026-06-04T20:25:57,dqn,sin_escala,torch2.12.0+np2.4.4+py3.13·mps,1,1500000,120659c22c2c,24124d2*,0.008,0.0,0.0,0.0071,1.0,66.1,0.992,3.4803,True,done,results/runs/dqn__sin_escala__b1500000__s1.config.json,results/runs/dqn_sin_escala_b1500000_seed1_test_id.json,results/heatmaps/dqn_sin_escala_b1500000_seed1_test_id.png,results/curves/dqn__sin_escala__b1500000__s1.csv
dqn__sin_curriculo__b1500000__s3,2026-06-04T20:28:42,dqn,sin_curriculo,torch2.12.0+np2.4.4+py3.13·mps,3,1500000,8e4ea978e12e,24124d2*,0.496,0.4373,0.2127,0.4839,20.0,1423.3,0.504,50.8793,False,done,results/runs/dqn__sin_curriculo__b1500000__s3.config.json,results/runs/dqn_sin_curriculo_b1500000_seed3_test_id.json,results/heatmaps/dqn_sin_curriculo_b1500000_seed3_test_id.png,results/curves/dqn__sin_curriculo__b1500000__s3.csv
dqn__timeout_proporcional__b1500000__s2,2026-06-04T20:29:07,dqn,timeout_proporcional,torch2.12.0+np2.4.4+py3.13·mps,2,1500000,bff82cc8994e,24124d2*,0.35,0.332,0.1859,0.2982,10.0,1551.4,0.5413,33.5343,False,done,results/runs/dqn__timeout_proporcional__b1500000__s2.config.json,results/runs/dqn_timeout_proporcional_b1500000_seed2_test_id.json,results/heatmaps/dqn_timeout_proporcional_b1500000_seed2_test_id.png,results/curves/dqn__timeout_proporcional__b1500000__s2.csv
dqn__timeout_proporcional__b1500000__s1,2026-06-04T20:29:19,dqn,timeout_proporcional,torch2.12.0+np2.4.4+py3.13·mps,1,1500000,bff82cc8994e,24124d2*,0.5793,0.488,0.7186,0.6268,28.0,1811.5,0.1567,57.1137,False,done,results/runs/dqn__timeout_proporcional__b1500000__s1.config.json,results/runs/dqn_timeout_proporcional_b1500000_seed1_test_id.json,results/heatmaps/dqn_timeout_proporcional_b1500000_seed1_test_id.png,results/curves/dqn__timeout_proporcional__b1500000__s1.csv
dqn__timeout_proporcional__b1500000__s3,2026-06-04T20:29:22,dqn,timeout_proporcional,torch2.12.0+np2.4.4+py3.13·mps,3,1500000,bff82cc8994e,24124d2*,0.2673,0.2333,0.0235,0.2321,4.0,1172.4,0.548,22.184,False,done,results/runs/dqn__timeout_proporcional__b1500000__s3.config.json,results/runs/dqn_timeout_proporcional_b1500000_seed3_test_id.json,results/heatmaps/dqn_timeout_proporcional_b1500000_seed3_test_id.png,results/curves/dqn__timeout_proporcional__b1500000__s3.csv
dqn__sin_shaping__b1500000__s4,2026-06-04T20:29:32,dqn,sin_shaping,torch2.12.0+np2.4.4+py3.13·mps,4,1500000,557b8dffb03b,24124d2*,0.6927,0.6973,0.5712,0.6589,23.0,1773.1,0.306,51.1217,False,done,results/runs/dqn__sin_shaping__b1500000__s4.config.json,results/runs/dqn_sin_shaping_b1500000_seed4_test_id.json,results/heatmaps/dqn_sin_shaping_b1500000_seed4_test_id.png,results/curves/dqn__sin_shaping__b1500000__s4.csv
dqn__sin_shaping__b1500000__s0,2026-06-04T20:29:40,dqn,sin_shaping,torch2.12.0+np2.4.4+py3.13·mps,0,1500000,557b8dffb03b,24124d2*,0.972,0.968,0.9414,0.9732,32.0,1900.6,0.028,56.2187,False,done,results/runs/dqn__sin_shaping__b1500000__s0.config.json,results/runs/dqn_sin_shaping_b1500000_seed0_test_id.json,results/heatmaps/dqn_sin_shaping_b1500000_seed0_test_id.png,results/curves/dqn__sin_shaping__b1500000__s0.csv
dqn__timeout_proporcional__b1500000__s0,2026-06-04T20:29:44,dqn,timeout_proporcional,torch2.12.0+np2.4.4+py3.13·mps,0,1500000,bff82cc8994e,24124d2*,0.8753,0.8307,0.9782,0.8804,32.0,1789.1,0.016,55.2327,False,done,results/runs/dqn__timeout_proporcional__b1500000__s0.config.json,results/runs/dqn_timeout_proporcional_b1500000_seed0_test_id.json,results/heatmaps/dqn_timeout_proporcional_b1500000_seed0_test_id.png,results/curves/dqn__timeout_proporcional__b1500000__s0.csv
dqn__sin_curriculo__b1500000__s4,2026-06-04T20:29:52,dqn,sin_curriculo,torch2.12.0+np2.4.4+py3.13·mps,4,1500000,8e4ea978e12e,24124d2*,0.916,0.912,0.7655,0.8857,32.0,2147.1,0.0773,57.3897,False,done,results/runs/dqn__sin_curriculo__b1500000__s4.config.json,results/runs/dqn_sin_curriculo_b1500000_seed4_test_id.json,results/heatmaps/dqn_sin_curriculo_b1500000_seed4_test_id.png,results/curves/dqn__sin_curriculo__b1500000__s4.csv
dqn__epsdecay_lento__b1500000__s4,2026-06-04T20:29:55,dqn,epsdecay_lento,torch2.12.0+np2.4.4+py3.13·mps,4,1500000,089774365165,24124d2*,0.5393,0.536,0.1725,0.5357,8.0,1587.2,0.458,34.36,False,done,results/runs/dqn__epsdecay_lento__b1500000__s4.config.json,results/runs/dqn_epsdecay_lento_b1500000_seed4_test_id.json,results/heatmaps/dqn_epsdecay_lento_b1500000_seed4_test_id.png,results/curves/dqn__epsdecay_lento__b1500000__s4.csv
dqn__sin_curriculo__b1500000__s1,2026-06-04T20:30:06,dqn,sin_curriculo,torch2.12.0+np2.4.4+py3.13·mps,1,1500000,8e4ea978e12e,24124d2*,0.79,0.8,0.3819,0.7089,22.0,2133.4,0.2067,55.4217,False,done,results/runs/dqn__sin_curriculo__b1500000__s1.config.json,results/runs/dqn_sin_curriculo_b1500000_seed1_test_id.json,results/heatmaps/dqn_sin_curriculo_b1500000_seed1_test_id.png,results/curves/dqn__sin_curriculo__b1500000__s1.csv
dqn__epsdecay_lento__b1500000__s0,2026-06-04T20:30:08,dqn,epsdecay_lento,torch2.12.0+np2.4.4+py3.13·mps,0,1500000,089774365165,24124d2*,0.924,0.9053,0.8509,0.9071,32.0,2161.0,0.0587,54.3223,False,done,results/runs/dqn__epsdecay_lento__b1500000__s0.config.json,results/runs/dqn_epsdecay_lento_b1500000_seed0_test_id.json,results/heatmaps/dqn_epsdecay_lento_b1500000_seed0_test_id.png,results/curves/dqn__epsdecay_lento__b1500000__s0.csv
dqn__sin_curriculo__b1500000__s0,2026-06-04T20:30:08,dqn,sin_curriculo,torch2.12.0+np2.4.4+py3.13·mps,0,1500000,8e4ea978e12e,24124d2*,0.6987,0.688,0.5059,0.6679,21.0,2065.6,0.298,51.0903,False,done,results/runs/dqn__sin_curriculo__b1500000__s0.config.json,results/runs/dqn_sin_curriculo_b1500000_seed0_test_id.json,results/heatmaps/dqn_sin_curriculo_b1500000_seed0_test_id.png,results/curves/dqn__sin_curriculo__b1500000__s0.csv
dqn__timeout_proporcional__b1500000__s4,2026-06-04T20:30:20,dqn,timeout_proporcional,torch2.12.0+np2.4.4+py3.13·mps,4,1500000,bff82cc8994e,24124d2*,0.6193,0.568,0.6884,0.6036,28.0,1803.8,0.196,51.082,False,done,results/runs/dqn__timeout_proporcional__b1500000__s4.config.json,results/runs/dqn_timeout_proporcional_b1500000_seed4_test_id.json,results/heatmaps/dqn_timeout_proporcional_b1500000_seed4_test_id.png,results/curves/dqn__timeout_proporcional__b1500000__s4.csv
dqn__sin_curriculo__b1500000__s2,2026-06-04T20:30:25,dqn,sin_curriculo,torch2.12.0+np2.4.4+py3.13·mps,2,1500000,8e4ea978e12e,24124d2*,0.872,0.8653,0.7705,0.8839,30.0,2596.8,0.076,58.6457,False,done,results/runs/dqn__sin_curriculo__b1500000__s2.config.json,results/runs/dqn_sin_curriculo_b1500000_seed2_test_id.json,results/heatmaps/dqn_sin_curriculo_b1500000_seed2_test_id.png,results/curves/dqn__sin_curriculo__b1500000__s2.csv
dqn__sin_shaping__b1500000__s3,2026-06-04T20:30:27,dqn,sin_shaping,torch2.12.0+np2.4.4+py3.13·mps,3,1500000,557b8dffb03b,24124d2*,0.9813,0.9693,0.938,0.9643,32.0,2356.3,0.0027,58.192,False,done,results/runs/dqn__sin_shaping__b1500000__s3.config.json,results/runs/dqn_sin_shaping_b1500000_seed3_test_id.json,results/heatmaps/dqn_sin_shaping_b1500000_seed3_test_id.png,results/curves/dqn__sin_shaping__b1500000__s3.csv
dqn__epsdecay_lento__b1500000__s2,2026-06-04T20:30:27,dqn,epsdecay_lento,torch2.12.0+np2.4.4+py3.13·mps,2,1500000,089774365165,24124d2*,0.7973,0.7267,0.6315,0.775,30.0,2315.7,0.1893,55.4567,False,done,results/runs/dqn__epsdecay_lento__b1500000__s2.config.json,results/runs/dqn_epsdecay_lento_b1500000_seed2_test_id.json,results/heatmaps/dqn_epsdecay_lento_b1500000_seed2_test_id.png,results/curves/dqn__epsdecay_lento__b1500000__s2.csv
dqn__sin_shaping__b1500000__s1,2026-06-04T20:30:33,dqn,sin_shaping,torch2.12.0+np2.4.4+py3.13·mps,1,1500000,557b8dffb03b,24124d2*,0.8147,0.7507,0.7856,0.7482,27.0,2038.6,0.1813,59.2787,False,done,results/runs/dqn__sin_shaping__b1500000__s1.config.json,results/runs/dqn_sin_shaping_b1500000_seed1_test_id.json,results/heatmaps/dqn_sin_shaping_b1500000_seed1_test_id.png,results/curves/dqn__sin_shaping__b1500000__s1.csv
dqn__sin_shaping__b1500000__s2,2026-06-04T20:30:43,dqn,sin_shaping,torch2.12.0+np2.4.4+py3.13·mps,2,1500000,557b8dffb03b,24124d2*,0.8047,0.804,0.536,0.8,29.0,2406.6,0.152,55.3327,False,done,results/runs/dqn__sin_shaping__b1500000__s2.config.json,results/runs/dqn_sin_shaping_b1500000_seed2_test_id.json,results/heatmaps/dqn_sin_shaping_b1500000_seed2_test_id.png,results/curves/dqn__sin_shaping__b1500000__s2.csv
dqn__epsdecay_lento__b1500000__s3,2026-06-04T20:30:43,dqn,epsdecay_lento,torch2.12.0+np2.4.4+py3.13·mps,3,1500000,089774365165,24124d2*,0.7753,0.7427,0.4121,0.7875,28.0,2527.6,0.182,55.0273,False,done,results/runs/dqn__epsdecay_lento__b1500000__s3.config.json,results/runs/dqn_epsdecay_lento_b1500000_seed3_test_id.json,results/heatmaps/dqn_epsdecay_lento_b1500000_seed3_test_id.png,results/curves/dqn__epsdecay_lento__b1500000__s3.csv
dqn__epsdecay_lento__b1500000__s1,2026-06-04T20:31:04,dqn,epsdecay_lento,torch2.12.0+np2.4.4+py3.13·mps,1,1500000,089774365165,24124d2*,0.7027,0.6587,0.5075,0.7268,27.0,2629.3,0.1307,54.5933,False,done,results/runs/dqn__epsdecay_lento__b1500000__s1.config.json,results/runs/dqn_epsdecay_lento_b1500000_seed1_test_id.json,results/heatmaps/dqn_epsdecay_lento_b1500000_seed1_test_id.png,results/curves/dqn__epsdecay_lento__b1500000__s1.csv
sac_pure__base__b700000__s3,2026-06-04T20:41:19,sac_pure,base,torch2.12.0+np2.4.4+py3.13·mps,3,700000,a3db694e3bce,24124d2*,0.0093,0.0,0.0,0.0054,1.0,51.6,0.9907,3.0537,True,done,results/runs/sac_pure__base__b700000__s3.config.json,results/runs/sac_pure_base_b700000_seed3_test_id.json,results/heatmaps/sac_pure_base_b700000_seed3_test_id.png,results/curves/sac_pure__base__b700000__s3.csv
sac_pure__base__b700000__s4,2026-06-04T20:41:38,sac_pure,base,torch2.12.0+np2.4.4+py3.13·mps,4,700000,a3db694e3bce,24124d2*,0.028,0.0,0.0,0.0214,2.0,343.3,0.972,9.1727,True,done,results/runs/sac_pure__base__b700000__s4.config.json,results/runs/sac_pure_base_b700000_seed4_test_id.json,results/heatmaps/sac_pure_base_b700000_seed4_test_id.png,results/curves/sac_pure__base__b700000__s4.csv
sac_pure__base__b700000__s0,2026-06-04T20:41:48,sac_pure,base,torch2.12.0+np2.4.4+py3.13·mps,0,700000,a3db694e3bce,24124d2*,0.0553,0.0107,0.0017,0.0589,4.0,580.8,0.9447,18.1627,True,done,results/runs/sac_pure__base__b700000__s0.config.json,results/runs/sac_pure_base_b700000_seed0_test_id.json,results/heatmaps/sac_pure_base_b700000_seed0_test_id.png,results/curves/sac_pure__base__b700000__s0.csv
sac_pure__base__b700000__s1,2026-06-04T20:43:05,sac_pure,base,torch2.12.0+np2.4.4+py3.13·mps,1,700000,a3db694e3bce,24124d2*,0.2747,0.1933,0.1273,0.2786,15.0,1213.2,0.7253,42.1587,False,done,results/runs/sac_pure__base__b700000__s1.config.json,results/runs/sac_pure_base_b700000_seed1_test_id.json,results/heatmaps/sac_pure_base_b700000_seed1_test_id.png,results/curves/sac_pure__base__b700000__s1.csv
sac_pure__base__b700000__s2,2026-06-04T20:44:01,sac_pure,base,torch2.12.0+np2.4.4+py3.13·mps,2,700000,a3db694e3bce,24124d2*,0.8893,0.8747,0.861,0.8714,32.0,1740.7,0.11,70.921,False,done,results/runs/sac_pure__base__b700000__s2.config.json,results/runs/sac_pure_base_b700000_seed2_test_id.json,results/heatmaps/sac_pure_base_b700000_seed2_test_id.png,results/curves/sac_pure__base__b700000__s2.csv
sac_pure__base__b1500000__s0,2026-06-04T20:46:46,sac_pure,base,torch2.12.0+np2.4.4+py3.13·mps,0,1500000,de2ab235b9db,24124d2*,0.9487,0.94,0.8961,0.9286,32.0,2017.7,0.0473,70.5883,False,done,results/runs/sac_pure__base__b1500000__s0.config.json,results/runs/sac_pure_base_b1500000_seed0_test_id.json,results/heatmaps/sac_pure_base_b1500000_seed0_test_id.png,results/curves/sac_pure__base__b1500000__s0.csv
sac_pure__base__b1500000__s1,2026-06-04T20:47:20,sac_pure,base,torch2.12.0+np2.4.4+py3.13·mps,1,1500000,de2ab235b9db,24124d2*,0.9327,0.9,0.8492,0.9161,32.0,2842.0,0.0,67.7417,False,done,results/runs/sac_pure__base__b1500000__s1.config.json,results/runs/sac_pure_base_b1500000_seed1_test_id.json,results/heatmaps/sac_pure_base_b1500000_seed1_test_id.png,results/curves/sac_pure__base__b1500000__s1.csv
sac_pure__base__b1500000__s3,2026-06-04T20:47:31,sac_pure,base,torch2.12.0+np2.4.4+py3.13·mps,3,1500000,de2ab235b9db,24124d2*,0.918,0.912,0.7353,0.9214,32.0,2855.4,0.0,57.5047,False,done,results/runs/sac_pure__base__b1500000__s3.config.json,results/runs/sac_pure_base_b1500000_seed3_test_id.json,results/heatmaps/sac_pure_base_b1500000_seed3_test_id.png,results/curves/sac_pure__base__b1500000__s3.csv
sac_pure__base__b1500000__s4,2026-06-04T20:47:37,sac_pure,base,torch2.12.0+np2.4.4+py3.13·mps,4,1500000,de2ab235b9db,24124d2*,0.672,0.6373,0.3333,0.6536,31.0,3180.4,0.0,57.6937,False,done,results/runs/sac_pure__base__b1500000__s4.config.json,results/runs/sac_pure_base_b1500000_seed4_test_id.json,results/heatmaps/sac_pure_base_b1500000_seed4_test_id.png,results/curves/sac_pure__base__b1500000__s4.csv
sac_pure__base__b1500000__s2,2026-06-04T20:47:39,sac_pure,base,torch2.12.0+np2.4.4+py3.13·mps,2,1500000,de2ab235b9db,24124d2*,0.858,0.8227,0.598,0.8607,32.0,2765.7,0.002,57.5417,False,done,results/runs/sac_pure__base__b1500000__s2.config.json,results/runs/sac_pure_base_b1500000_seed2_test_id.json,results/heatmaps/sac_pure_base_b1500000_seed2_test_id.png,results/curves/sac_pure__base__b1500000__s2.csv
sac_pure__base__b3000000__s2,2026-06-04T20:48:51,sac_pure,base,torch2.12.0+np2.4.4+py3.13·mps,2,3000000,5376a01013f8,24124d2*,0.9953,0.992,0.9966,0.9875,32.0,2104.7,0.0013,69.9487,False,done,results/runs/sac_pure__base__b3000000__s2.config.json,results/runs/sac_pure_base_b3000000_seed2_test_id.json,results/heatmaps/sac_pure_base_b3000000_seed2_test_id.png,results/curves/sac_pure__base__b3000000__s2.csv
sac_pure__base__b3000000__s3,2026-06-04T20:49:13,sac_pure,base,torch2.12.0+np2.4.4+py3.13·mps,3,3000000,5376a01013f8,24124d2*,0.9747,0.9733,0.8593,0.9679,32.0,2871.0,0.0,55.787,False,done,results/runs/sac_pure__base__b3000000__s3.config.json,results/runs/sac_pure_base_b3000000_seed3_test_id.json,results/heatmaps/sac_pure_base_b3000000_seed3_test_id.png,results/curves/sac_pure__base__b3000000__s3.csv
sac_pure__base__b3000000__s1,2026-06-04T20:49:15,sac_pure,base,torch2.12.0+np2.4.4+py3.13·mps,1,3000000,5376a01013f8,24124d2*,0.97,0.9467,0.8425,0.9518,32.0,2620.3,0.0,57.6847,False,done,results/runs/sac_pure__base__b3000000__s1.config.json,results/runs/sac_pure_base_b3000000_seed1_test_id.json,results/heatmaps/sac_pure_base_b3000000_seed1_test_id.png,results/curves/sac_pure__base__b3000000__s1.csv
sac_pure__base__b3000000__s0,2026-06-04T20:49:15,sac_pure,base,torch2.12.0+np2.4.4+py3.13·mps,0,3000000,5376a01013f8,24124d2*,0.7467,0.696,0.3317,0.7107,32.0,3394.7,0.0,56.9867,False,done,results/runs/sac_pure__base__b3000000__s0.config.json,results/runs/sac_pure_base_b3000000_seed0_test_id.json,results/heatmaps/sac_pure_base_b3000000_seed0_test_id.png,results/curves/sac_pure__base__b3000000__s0.csv
sac_pure__base__b3000000__s4,2026-06-04T20:49:26,sac_pure,base,torch2.12.0+np2.4.4+py3.13·mps,4,3000000,5376a01013f8,24124d2*,0.8807,0.88,0.603,0.8982,32.0,2935.9,0.0,57.5593,False,done,results/runs/sac_pure__base__b3000000__s4.config.json,results/runs/sac_pure_base_b3000000_seed4_test_id.json,results/heatmaps/sac_pure_base_b3000000_seed4_test_id.png,results/curves/sac_pure__base__b3000000__s4.csv
